Strain,CRISPRi_system,Replicate,Time,WT,0,0.25,2,4
MG1655,Sp,1,0,0.081,0.082,0.082,0.082,0.081
MG1655,Sp,1,0.25,0.082,0.083,0.083,0.083,0.082
MG1655,Sp,1,0.5,0.083,0.085,0.085,0.084,0.083
MG1655,Sp,1,0.75,0.085,0.088,0.089,0.086,0.084
MG1655,Sp,1,1,0.088,0.091,0.093,0.089,0.086
MG1655,Sp,1,1.25,0.093,0.099,0.1,0.093,0.089
MG1655,Sp,1,1.5,0.099,0.106,0.108,0.097,0.092
MG1655,Sp,1,1.75,0.105,0.115,0.117,0.1,0.095
MG1655,Sp,1,2,0.114,0.127,0.131,0.105,0.098
MG1655,Sp,1,2.25,0.126,0.142,0.147,0.108,0.102
MG1655,Sp,1,2.5,0.141,0.16,0.167,0.112,0.105
MG1655,Sp,1,2.75,0.161,0.183,0.192,0.117,0.109
MG1655,Sp,1,3,0.192,0.208,0.222,0.121,0.112
MG1655,Sp,1,3.25,0.23,0.234,0.245,0.127,0.116
MG1655,Sp,1,3.5,0.281,0.26,0.298,0.131,0.119
MG1655,Sp,1,3.75,0.314,0.282,0.299,0.138,0.124
MG1655,Sp,1,4,0.356,0.304,0.312,0.145,0.128
MG1655,Sp,1,4.25,0.313,0.332,0.338,0.152,0.134
MG1655,Sp,1,4.5,0.332,0.356,0.362,0.157,0.138
MG1655,Sp,1,4.75,0.356,0.367,0.375,0.167,0.144
MG1655,Sp,1,5,0.381,0.378,0.383,0.174,0.151
MG1655,Sp,1,5.25,0.397,0.382,0.387,0.179,0.158
MG1655,Sp,1,5.5,0.386,0.385,0.389,0.184,0.161
MG1655,Sp,1,5.75,0.392,0.394,0.398,0.194,0.167
MG1655,Sp,1,6,0.399,0.405,0.411,0.203,0.174
MG1655,Sp,1,6.25,0.408,0.418,0.422,0.216,0.182
MG1655,Sp,1,6.5,0.42,0.429,0.433,0.227,0.187
MG1655,Sp,1,6.75,0.431,0.439,0.445,0.24,0.195
MG1655,Sp,1,7,0.439,0.449,0.455,0.25,0.203
MG1655,Sp,1,7.25,0.45,0.461,0.468,0.255,0.21
MG1655,Sp,1,7.5,0.461,0.472,0.48,0.263,0.216
MG1655,Sp,1,7.75,0.474,0.483,0.49,0.276,0.223
MG1655,Sp,1,8,0.486,0.493,0.5,0.286,0.234
MG1655,Sp,2,0,0.083,0.086,0.089,0.085,0.085
MG1655,Sp,2,0.25,0.083,0.087,0.088,0.085,0.086
MG1655,Sp,2,0.5,0.085,0.089,0.09,0.087,0.086
MG1655,Sp,2,0.75,0.088,0.091,0.094,0.088,0.088
MG1655,Sp,2,1,0.092,0.095,0.098,0.092,0.09
MG1655,Sp,2,1.25,0.097,0.1,0.103,0.095,0.093
MG1655,Sp,2,1.5,0.103,0.107,0.11,0.099,0.095
MG1655,Sp,2,1.75,0.11,0.114,0.118,0.103,0.098
MG1655,Sp,2,2,0.12,0.124,0.127,0.109,0.101
MG1655,Sp,2,2.25,0.134,0.137,0.14,0.113,0.103
MG1655,Sp,2,2.5,0.151,0.154,0.159,0.117,0.106
MG1655,Sp,2,2.75,0.172,0.175,0.178,0.122,0.109
MG1655,Sp,2,3,0.197,0.199,0.202,0.127,0.113
MG1655,Sp,2,3.25,0.231,0.232,0.226,0.134,0.116
MG1655,Sp,2,3.5,0.284,0.274,0.251,0.139,0.12
MG1655,Sp,2,3.75,0.308,0.287,0.284,0.147,0.124
MG1655,Sp,2,4,0.322,0.306,0.291,0.155,0.127
MG1655,Sp,2,4.25,0.316,0.311,0.315,0.165,0.133
MG1655,Sp,2,4.5,0.343,0.336,0.343,0.172,0.138
MG1655,Sp,2,4.75,0.362,0.36,0.363,0.18,0.146
MG1655,Sp,2,5,0.374,0.368,0.371,0.183,0.15
MG1655,Sp,2,5.25,0.383,0.375,0.377,0.191,0.154
MG1655,Sp,2,5.5,0.388,0.379,0.383,0.198,0.157
MG1655,Sp,2,5.75,0.392,0.385,0.39,0.208,0.163
MG1655,Sp,2,6,0.402,0.395,0.398,0.219,0.165
MG1655,Sp,2,6.25,0.411,0.406,0.409,0.231,0.17
MG1655,Sp,2,6.5,0.422,0.415,0.42,0.241,0.172
MG1655,Sp,2,6.75,0.433,0.428,0.431,0.249,0.179
MG1655,Sp,2,7,0.444,0.439,0.443,0.257,0.186
MG1655,Sp,2,7.25,0.455,0.449,0.454,0.266,0.191
MG1655,Sp,2,7.5,0.467,0.46,0.467,0.28,0.195
MG1655,Sp,2,7.75,0.48,0.471,0.478,0.286,0.202
MG1655,Sp,2,8,0.49,0.482,0.487,0.293,0.206
MG1655,Sp,3,0,0.083,0.082,0.082,0.08,0.08
MG1655,Sp,3,0.25,0.083,0.082,0.083,0.081,0.081
MG1655,Sp,3,0.5,0.085,0.085,0.085,0.082,0.082
MG1655,Sp,3,0.75,0.089,0.087,0.088,0.085,0.084
MG1655,Sp,3,1,0.093,0.091,0.091,0.088,0.086
MG1655,Sp,3,1.25,0.098,0.097,0.097,0.091,0.088
MG1655,Sp,3,1.5,0.105,0.104,0.103,0.095,0.09
MG1655,Sp,3,1.75,0.112,0.112,0.111,0.099,0.093
MG1655,Sp,3,2,0.123,0.124,0.122,0.103,0.096
MG1655,Sp,3,2.25,0.137,0.139,0.136,0.108,0.098
MG1655,Sp,3,2.5,0.156,0.157,0.154,0.112,0.101
MG1655,Sp,3,2.75,0.179,0.18,0.176,0.118,0.104
MG1655,Sp,3,3,0.202,0.203,0.198,0.119,0.106
MG1655,Sp,3,3.25,0.229,0.229,0.223,0.123,0.109
MG1655,Sp,3,3.5,0.261,0.282,0.27,0.129,0.112
MG1655,Sp,3,3.75,0.283,0.289,0.279,0.137,0.116
MG1655,Sp,3,4,0.306,0.292,0.289,0.144,0.12
MG1655,Sp,3,4.25,0.334,0.314,0.312,0.154,0.124
MG1655,Sp,3,4.5,0.351,0.342,0.34,0.161,0.127
MG1655,Sp,3,4.75,0.365,0.354,0.355,0.172,0.134
MG1655,Sp,3,5,0.376,0.362,0.362,0.177,0.138
MG1655,Sp,3,5.25,0.381,0.367,0.367,0.182,0.144
MG1655,Sp,3,5.5,0.385,0.373,0.371,0.188,0.148
MG1655,Sp,3,5.75,0.396,0.381,0.38,0.196,0.15
MG1655,Sp,3,6,0.409,0.394,0.393,0.203,0.154
MG1655,Sp,3,6.25,0.422,0.406,0.406,0.215,0.162
MG1655,Sp,3,6.5,0.433,0.419,0.419,0.226,0.166
MG1655,Sp,3,6.75,0.445,0.431,0.428,0.24,0.171
MG1655,Sp,3,7,0.457,0.441,0.439,0.251,0.173
MG1655,Sp,3,7.25,0.47,0.451,0.451,0.258,0.179
MG1655,Sp,3,7.5,0.481,0.461,0.461,0.264,0.182
MG1655,Sp,3,7.75,0.492,0.471,0.471,0.275,0.185
MG1655,Sp,3,8,0.502,0.481,0.482,0.281,0.191
MG1655,Fn,1,0,0.081,0.08,0.081,0.08,0.08
MG1655,Fn,1,0.25,0.082,0.082,0.083,0.081,0.081
MG1655,Fn,1,0.5,0.083,0.083,0.084,0.082,0.081
MG1655,Fn,1,0.75,0.085,0.085,0.087,0.084,0.082
MG1655,Fn,1,1,0.088,0.089,0.09,0.084,0.083
MG1655,Fn,1,1.25,0.093,0.095,0.095,0.087,0.085
MG1655,Fn,1,1.5,0.099,0.102,0.102,0.089,0.086
MG1655,Fn,1,1.75,0.105,0.11,0.109,0.091,0.088
MG1655,Fn,1,2,0.114,0.121,0.12,0.094,0.09
MG1655,Fn,1,2.25,0.126,0.133,0.133,0.096,0.092
MG1655,Fn,1,2.5,0.141,0.151,0.15,0.098,0.093
MG1655,Fn,1,2.75,0.161,0.173,0.171,0.1,0.096
MG1655,Fn,1,3,0.192,0.197,0.198,0.104,0.098
MG1655,Fn,1,3.25,0.23,0.226,0.23,0.107,0.101
MG1655,Fn,1,3.5,0.281,0.282,0.28,0.11,0.103
MG1655,Fn,1,3.75,0.314,0.308,0.295,0.114,0.106
MG1655,Fn,1,4,0.356,0.304,0.323,0.119,0.109
MG1655,Fn,1,4.25,0.313,0.315,0.31,0.122,0.112
MG1655,Fn,1,4.5,0.332,0.341,0.337,0.125,0.113
MG1655,Fn,1,4.75,0.356,0.355,0.353,0.13,0.116
MG1655,Fn,1,5,0.381,0.364,0.362,0.137,0.119
MG1655,Fn,1,5.25,0.397,0.371,0.367,0.144,0.124
MG1655,Fn,1,5.5,0.386,0.379,0.372,0.151,0.129
MG1655,Fn,1,5.75,0.392,0.388,0.383,0.158,0.135
MG1655,Fn,1,6,0.399,0.399,0.394,0.171,0.143
MG1655,Fn,1,6.25,0.408,0.411,0.406,0.185,0.149
MG1655,Fn,1,6.5,0.42,0.423,0.417,0.193,0.155
MG1655,Fn,1,6.75,0.431,0.435,0.428,0.2,0.161
MG1655,Fn,1,7,0.439,0.446,0.439,0.21,0.164
MG1655,Fn,1,7.25,0.45,0.458,0.451,0.223,0.17
MG1655,Fn,1,7.5,0.461,0.47,0.463,0.237,0.177
MG1655,Fn,1,7.75,0.474,0.483,0.475,0.25,0.186
MG1655,Fn,1,8,0.486,0.492,0.484,0.262,0.194
MG1655,Fn,2,0,0.083,0.081,0.081,0.082,0.083
MG1655,Fn,2,0.25,0.083,0.082,0.082,0.082,0.083
MG1655,Fn,2,0.5,0.085,0.084,0.084,0.083,0.084
MG1655,Fn,2,0.75,0.088,0.087,0.086,0.084,0.085
MG1655,Fn,2,1,0.092,0.091,0.089,0.085,0.086
MG1655,Fn,2,1.25,0.097,0.095,0.094,0.087,0.087
MG1655,Fn,2,1.5,0.103,0.101,0.1,0.088,0.088
MG1655,Fn,2,1.75,0.11,0.108,0.106,0.09,0.09
MG1655,Fn,2,2,0.12,0.117,0.115,0.092,0.091
MG1655,Fn,2,2.25,0.134,0.129,0.127,0.094,0.093
MG1655,Fn,2,2.5,0.151,0.144,0.141,0.096,0.095
MG1655,Fn,2,2.75,0.172,0.164,0.16,0.099,0.096
MG1655,Fn,2,3,0.197,0.187,0.182,0.101,0.099
MG1655,Fn,2,3.25,0.231,0.214,0.209,0.104,0.101
MG1655,Fn,2,3.5,0.284,0.255,0.241,0.107,0.103
MG1655,Fn,2,3.75,0.308,0.276,0.27,0.11,0.105
MG1655,Fn,2,4,0.322,0.291,0.293,0.112,0.107
MG1655,Fn,2,4.25,0.316,0.303,0.298,0.116,0.11
MG1655,Fn,2,4.5,0.343,0.328,0.322,0.119,0.112
MG1655,Fn,2,4.75,0.362,0.353,0.351,0.123,0.114
MG1655,Fn,2,5,0.374,0.363,0.36,0.126,0.116
MG1655,Fn,2,5.25,0.383,0.368,0.366,0.131,0.119
MG1655,Fn,2,5.5,0.388,0.374,0.37,0.137,0.122
MG1655,Fn,2,5.75,0.392,0.381,0.377,0.145,0.127
MG1655,Fn,2,6,0.402,0.391,0.389,0.151,0.132
MG1655,Fn,2,6.25,0.411,0.402,0.399,0.159,0.138
MG1655,Fn,2,6.5,0.422,0.412,0.408,0.175,0.14
MG1655,Fn,2,6.75,0.433,0.426,0.421,0.201,0.145
MG1655,Fn,2,7,0.444,0.436,0.432,0.184,0.153
MG1655,Fn,2,7.25,0.455,0.447,0.443,0.192,0.157
MG1655,Fn,2,7.5,0.467,0.459,0.454,0.201,0.161
MG1655,Fn,2,7.75,0.48,0.471,0.466,0.213,0.165
MG1655,Fn,2,8,0.49,0.482,0.476,0.225,0.172
MG1655,Fn,3,0,0.083,0.083,0.082,0.08,0.082
MG1655,Fn,3,0.25,0.083,0.085,0.083,0.082,0.083
MG1655,Fn,3,0.5,0.085,0.087,0.086,0.083,0.084
MG1655,Fn,3,0.75,0.089,0.091,0.089,0.084,0.086
MG1655,Fn,3,1,0.093,0.095,0.093,0.086,0.087
MG1655,Fn,3,1.25,0.098,0.101,0.099,0.088,0.089
MG1655,Fn,3,1.5,0.105,0.109,0.106,0.09,0.091
MG1655,Fn,3,1.75,0.112,0.118,0.114,0.093,0.093
MG1655,Fn,3,2,0.123,0.13,0.125,0.096,0.096
MG1655,Fn,3,2.25,0.137,0.145,0.139,0.1,0.099
MG1655,Fn,3,2.5,0.156,0.164,0.157,0.103,0.101
MG1655,Fn,3,2.75,0.179,0.188,0.179,0.107,0.105
MG1655,Fn,3,3,0.202,0.211,0.2,0.109,0.106
MG1655,Fn,3,3.25,0.229,0.237,0.226,0.113,0.11
MG1655,Fn,3,3.5,0.261,0.292,0.272,0.118,0.113
MG1655,Fn,3,3.75,0.283,0.314,0.278,0.124,0.118
MG1655,Fn,3,4,0.306,0.298,0.286,0.129,0.122
MG1655,Fn,3,4.25,0.334,0.324,0.309,0.136,0.127
MG1655,Fn,3,4.5,0.351,0.341,0.335,0.146,0.133
MG1655,Fn,3,4.75,0.365,0.349,0.344,0.16,0.143
MG1655,Fn,3,5,0.376,0.359,0.352,0.181,0.148
MG1655,Fn,3,5.25,0.381,0.366,0.36,0.193,0.163
MG1655,Fn,3,5.5,0.385,0.376,0.369,0.179,0.16
MG1655,Fn,3,5.75,0.396,0.387,0.38,0.186,0.162
MG1655,Fn,3,6,0.409,0.401,0.393,0.198,0.168
MG1655,Fn,3,6.25,0.422,0.414,0.405,0.212,0.179
MG1655,Fn,3,6.5,0.433,0.43,0.419,0.226,0.186
MG1655,Fn,3,6.75,0.445,0.444,0.432,0.238,0.194
MG1655,Fn,3,7,0.457,0.457,0.444,0.249,0.2
MG1655,Fn,3,7.25,0.47,0.469,0.456,0.26,0.209
MG1655,Fn,3,7.5,0.481,0.48,0.465,0.268,0.216
MG1655,Fn,3,7.75,0.492,0.49,0.475,0.278,0.226
MG1655,Fn,3,8,0.502,0.501,0.486,0.292,0.236
MG1655,Lb,1,0,0.081,0.083,0.083,0.082,0.08
MG1655,Lb,1,0.25,0.082,0.084,0.084,0.082,0.08
MG1655,Lb,1,0.5,0.083,0.085,0.085,0.083,0.081
MG1655,Lb,1,0.75,0.085,0.087,0.087,0.084,0.083
MG1655,Lb,1,1,0.088,0.09,0.09,0.086,0.084
MG1655,Lb,1,1.25,0.093,0.095,0.095,0.089,0.085
MG1655,Lb,1,1.5,0.099,0.102,0.101,0.091,0.088
MG1655,Lb,1,1.75,0.105,0.107,0.107,0.094,0.09
MG1655,Lb,1,2,0.114,0.116,0.116,0.098,0.093
MG1655,Lb,1,2.25,0.126,0.127,0.127,0.101,0.096
MG1655,Lb,1,2.5,0.141,0.141,0.141,0.105,0.099
MG1655,Lb,1,2.75,0.161,0.16,0.16,0.109,0.102
MG1655,Lb,1,3,0.192,0.183,0.182,0.115,0.106
MG1655,Lb,1,3.25,0.23,0.21,0.208,0.12,0.11
MG1655,Lb,1,3.5,0.281,0.251,0.243,0.126,0.114
MG1655,Lb,1,3.75,0.314,0.276,0.269,0.133,0.119
MG1655,Lb,1,4,0.356,0.324,0.318,0.142,0.125
MG1655,Lb,1,4.25,0.313,0.3,0.296,0.15,0.13
MG1655,Lb,1,4.5,0.332,0.326,0.321,0.159,0.136
MG1655,Lb,1,4.75,0.356,0.355,0.351,0.173,0.144
MG1655,Lb,1,5,0.381,0.37,0.365,0.19,0.155
MG1655,Lb,1,5.25,0.397,0.378,0.372,0.205,0.167
MG1655,Lb,1,5.5,0.386,0.381,0.376,0.22,0.178
MG1655,Lb,1,5.75,0.392,0.389,0.385,0.239,0.193
MG1655,Lb,1,6,0.399,0.4,0.394,0.263,0.21
MG1655,Lb,1,6.25,0.408,0.41,0.406,0.281,0.225
MG1655,Lb,1,6.5,0.42,0.422,0.417,0.296,0.244
MG1655,Lb,1,6.75,0.431,0.433,0.428,0.313,0.259
MG1655,Lb,1,7,0.439,0.444,0.438,0.32,0.276
MG1655,Lb,1,7.25,0.45,0.456,0.45,0.321,0.293
MG1655,Lb,1,7.5,0.461,0.467,0.461,0.327,0.308
MG1655,Lb,1,7.75,0.474,0.479,0.472,0.332,0.317
MG1655,Lb,1,8,0.486,0.489,0.482,0.336,0.322
MG1655,Lb,2,0,0.083,0.082,0.086,0.085,0.082
MG1655,Lb,2,0.25,0.083,0.084,0.087,0.085,0.083
MG1655,Lb,2,0.5,0.085,0.085,0.088,0.086,0.084
MG1655,Lb,2,0.75,0.088,0.089,0.091,0.088,0.086
MG1655,Lb,2,1,0.092,0.092,0.095,0.09,0.088
MG1655,Lb,2,1.25,0.097,0.097,0.101,0.092,0.09
MG1655,Lb,2,1.5,0.103,0.104,0.107,0.095,0.092
MG1655,Lb,2,1.75,0.11,0.112,0.114,0.098,0.095
MG1655,Lb,2,2,0.12,0.122,0.124,0.102,0.098
MG1655,Lb,2,2.25,0.134,0.135,0.137,0.106,0.101
MG1655,Lb,2,2.5,0.151,0.151,0.153,0.11,0.104
MG1655,Lb,2,2.75,0.172,0.172,0.175,0.115,0.109
MG1655,Lb,2,3,0.197,0.196,0.198,0.12,0.112
MG1655,Lb,2,3.25,0.231,0.224,0.224,0.126,0.118
MG1655,Lb,2,3.5,0.284,0.265,0.263,0.132,0.123
MG1655,Lb,2,3.75,0.308,0.285,0.28,0.139,0.128
MG1655,Lb,2,4,0.322,0.291,0.291,0.147,0.135
MG1655,Lb,2,4.25,0.316,0.311,0.311,0.157,0.143
MG1655,Lb,2,4.5,0.343,0.336,0.338,0.169,0.151
MG1655,Lb,2,4.75,0.362,0.356,0.359,0.185,0.163
MG1655,Lb,2,5,0.374,0.365,0.369,0.2,0.175
MG1655,Lb,2,5.25,0.383,0.37,0.374,0.217,0.19
MG1655,Lb,2,5.5,0.388,0.374,0.379,0.233,0.205
MG1655,Lb,2,5.75,0.392,0.382,0.389,0.252,0.22
MG1655,Lb,2,6,0.402,0.394,0.401,0.272,0.234
MG1655,Lb,2,6.25,0.411,0.404,0.413,0.289,0.255
MG1655,Lb,2,6.5,0.422,0.413,0.421,0.305,0.27
MG1655,Lb,2,6.75,0.433,0.425,0.433,0.318,0.286
MG1655,Lb,2,7,0.444,0.436,0.444,0.322,0.304
MG1655,Lb,2,7.25,0.455,0.447,0.455,0.326,0.317
MG1655,Lb,2,7.5,0.467,0.457,0.466,0.331,0.325
MG1655,Lb,2,7.75,0.48,0.468,0.476,0.332,0.326
MG1655,Lb,2,8,0.49,0.477,0.486,0.338,0.331
MG1655,Lb,3,0,0.083,0.084,0.082,0.08,0.084
MG1655,Lb,3,0.25,0.083,0.085,0.083,0.081,0.084
MG1655,Lb,3,0.5,0.085,0.087,0.085,0.082,0.086
MG1655,Lb,3,0.75,0.089,0.09,0.088,0.084,0.088
MG1655,Lb,3,1,0.093,0.095,0.092,0.087,0.09
MG1655,Lb,3,1.25,0.098,0.1,0.097,0.089,0.093
MG1655,Lb,3,1.5,0.105,0.107,0.104,0.092,0.095
MG1655,Lb,3,1.75,0.112,0.115,0.112,0.096,0.098
MG1655,Lb,3,2,0.123,0.127,0.123,0.099,0.101
MG1655,Lb,3,2.25,0.137,0.142,0.138,0.104,0.105
MG1655,Lb,3,2.5,0.156,0.16,0.157,0.109,0.109
MG1655,Lb,3,2.75,0.179,0.183,0.179,0.115,0.115
MG1655,Lb,3,3,0.202,0.205,0.2,0.118,0.117
MG1655,Lb,3,3.25,0.229,0.23,0.224,0.123,0.122
MG1655,Lb,3,3.5,0.261,0.264,0.257,0.131,0.128
MG1655,Lb,3,3.75,0.283,0.286,0.281,0.14,0.135
MG1655,Lb,3,4,0.306,0.299,0.291,0.15,0.142
MG1655,Lb,3,4.25,0.334,0.325,0.318,0.162,0.151
MG1655,Lb,3,4.5,0.351,0.354,0.348,0.175,0.162
MG1655,Lb,3,4.75,0.365,0.368,0.363,0.192,0.174
MG1655,Lb,3,5,0.376,0.375,0.368,0.21,0.188
MG1655,Lb,3,5.25,0.381,0.38,0.373,0.228,0.205
MG1655,Lb,3,5.5,0.385,0.389,0.382,0.246,0.222
MG1655,Lb,3,5.75,0.396,0.401,0.394,0.266,0.236
MG1655,Lb,3,6,0.409,0.414,0.407,0.28,0.253
MG1655,Lb,3,6.25,0.422,0.426,0.42,0.305,0.278
MG1655,Lb,3,6.5,0.433,0.439,0.434,0.32,0.29
MG1655,Lb,3,6.75,0.445,0.452,0.447,0.326,0.311
MG1655,Lb,3,7,0.457,0.464,0.46,0.327,0.325
MG1655,Lb,3,7.25,0.47,0.476,0.472,0.334,0.331
MG1655,Lb,3,7.5,0.481,0.488,0.481,0.336,0.332
MG1655,Lb,3,7.75,0.492,0.498,0.492,0.34,0.333
MG1655,Lb,3,8,0.502,0.509,0.504,0.349,0.336
CFT073,Sp,1,0,0.085,0.085,0.085,0.084,0.084
CFT073,Sp,1,0.25,0.088,0.087,0.088,0.086,0.085
CFT073,Sp,1,0.5,0.092,0.092,0.092,0.089,0.087
CFT073,Sp,1,0.75,0.1,0.099,0.099,0.093,0.091
CFT073,Sp,1,1,0.108,0.108,0.109,0.098,0.095
CFT073,Sp,1,1.25,0.119,0.119,0.119,0.104,0.1
CFT073,Sp,1,1.5,0.135,0.135,0.134,0.11,0.106
CFT073,Sp,1,1.75,0.156,0.16,0.154,0.116,0.112
CFT073,Sp,1,2,0.183,0.19,0.18,0.124,0.119
CFT073,Sp,1,2.25,0.215,0.223,0.211,0.132,0.127
CFT073,Sp,1,2.5,0.248,0.255,0.24,0.139,0.134
CFT073,Sp,1,2.75,0.278,0.304,0.273,0.149,0.143
CFT073,Sp,1,3,0.302,0.367,0.335,0.158,0.152
CFT073,Sp,1,3.25,0.329,0.395,0.361,0.168,0.162
CFT073,Sp,1,3.5,0.354,0.424,0.393,0.179,0.174
CFT073,Sp,1,3.75,0.375,0.414,0.362,0.189,0.184
CFT073,Sp,1,4,0.394,0.398,0.383,0.204,0.197
CFT073,Sp,1,4.25,0.409,0.421,0.406,0.216,0.21
CFT073,Sp,1,4.5,0.433,0.44,0.425,0.232,0.226
CFT073,Sp,1,4.75,0.459,0.457,0.439,0.248,0.244
CFT073,Sp,1,5,0.447,0.47,0.451,0.265,0.258
CFT073,Sp,1,5.25,0.479,0.488,0.467,0.284,0.278
CFT073,Sp,1,5.5,0.519,0.504,0.487,0.3,0.297
CFT073,Sp,1,5.75,0.535,0.505,0.496,0.315,0.317
CFT073,Sp,1,6,0.543,0.521,0.533,0.324,0.334
CFT073,Sp,1,6.25,0.551,0.529,0.505,0.334,0.342
CFT073,Sp,1,6.5,0.544,0.534,0.508,0.337,0.348
CFT073,Sp,1,6.75,0.536,0.542,0.517,0.345,0.358
CFT073,Sp,1,7,0.521,0.548,0.524,0.346,0.362
CFT073,Sp,1,7.25,0.523,0.555,0.529,0.352,0.367
CFT073,Sp,1,7.5,0.53,0.562,0.535,0.355,0.372
CFT073,Sp,1,7.75,0.544,0.568,0.539,0.357,0.375
CFT073,Sp,1,8,0.552,0.571,0.542,0.36,0.377
CFT073,Sp,2,0,0.086,0.085,0.085,0.084,0.087
CFT073,Sp,2,0.25,0.089,0.087,0.087,0.087,0.089
CFT073,Sp,2,0.5,0.095,0.092,0.092,0.09,0.092
CFT073,Sp,2,0.75,0.104,0.1,0.1,0.094,0.095
CFT073,Sp,2,1,0.117,0.111,0.111,0.1,0.1
CFT073,Sp,2,1.25,0.128,0.121,0.121,0.106,0.105
CFT073,Sp,2,1.5,0.148,0.137,0.137,0.115,0.113
CFT073,Sp,2,1.75,0.173,0.161,0.157,0.124,0.121
CFT073,Sp,2,2,0.203,0.19,0.182,0.135,0.129
CFT073,Sp,2,2.25,0.245,0.223,0.212,0.145,0.14
CFT073,Sp,2,2.5,0.294,0.277,0.26,0.155,0.147
CFT073,Sp,2,2.75,0.334,0.31,0.291,0.164,0.16
CFT073,Sp,2,3,0.38,0.37,0.35,0.176,0.171
CFT073,Sp,2,3.25,0.375,0.387,0.36,0.189,0.183
CFT073,Sp,2,3.5,0.355,0.388,0.354,0.2,0.197
CFT073,Sp,2,3.75,0.37,0.372,0.35,0.213,0.209
CFT073,Sp,2,4,0.392,0.395,0.375,0.228,0.22
CFT073,Sp,2,4.25,0.415,0.422,0.4,0.245,0.24
CFT073,Sp,2,4.5,0.432,0.439,0.416,0.264,0.258
CFT073,Sp,2,4.75,0.453,0.459,0.437,0.285,0.275
CFT073,Sp,2,5,0.518,0.486,0.45,0.31,0.297
CFT073,Sp,2,5.25,0.537,0.551,0.513,0.328,0.318
CFT073,Sp,2,5.5,0.536,0.555,0.524,0.342,0.338
CFT073,Sp,2,5.75,0.54,0.553,0.523,0.356,0.352
CFT073,Sp,2,6,0.534,0.563,0.535,0.363,0.368
CFT073,Sp,2,6.25,0.551,0.575,0.546,0.37,0.376
CFT073,Sp,2,6.5,0.552,0.589,0.558,0.372,0.383
CFT073,Sp,2,6.75,0.551,0.559,0.524,0.378,0.388
CFT073,Sp,2,7,0.55,0.55,0.52,0.381,0.392
CFT073,Sp,2,7.25,0.561,0.558,0.525,0.385,0.397
CFT073,Sp,2,7.5,0.565,0.563,0.532,0.391,0.403
CFT073,Sp,2,7.75,0.564,0.566,0.534,0.395,0.405
CFT073,Sp,2,8,0.553,0.57,0.537,0.403,0.411
CFT073,Sp,3,0,0.09,0.089,0.09,0.09,0.089
CFT073,Sp,3,0.25,0.091,0.09,0.092,0.091,0.09
CFT073,Sp,3,0.5,0.094,0.095,0.096,0.093,0.093
CFT073,Sp,3,0.75,0.1,0.103,0.104,0.098,0.097
CFT073,Sp,3,1,0.109,0.113,0.115,0.103,0.101
CFT073,Sp,3,1.25,0.118,0.124,0.124,0.109,0.106
CFT073,Sp,3,1.5,0.132,0.14,0.14,0.117,0.114
CFT073,Sp,3,1.75,0.152,0.161,0.162,0.125,0.121
CFT073,Sp,3,2,0.177,0.187,0.188,0.133,0.129
CFT073,Sp,3,2.25,0.208,0.217,0.22,0.142,0.137
CFT073,Sp,3,2.5,0.249,0.248,0.251,0.151,0.146
CFT073,Sp,3,2.75,0.282,0.312,0.315,0.161,0.155
CFT073,Sp,3,3,0.314,0.336,0.336,0.172,0.166
CFT073,Sp,3,3.25,0.338,0.378,0.371,0.183,0.177
CFT073,Sp,3,3.5,0.36,0.389,0.387,0.195,0.189
CFT073,Sp,3,3.75,0.378,0.374,0.369,0.205,0.202
CFT073,Sp,3,4,0.394,0.401,0.395,0.221,0.216
CFT073,Sp,3,4.25,0.412,0.42,0.413,0.239,0.232
CFT073,Sp,3,4.5,0.457,0.435,0.432,0.26,0.248
CFT073,Sp,3,4.75,0.483,0.45,0.45,0.285,0.265
CFT073,Sp,3,5,0.475,0.463,0.461,0.31,0.284
CFT073,Sp,3,5.25,0.48,0.528,0.507,0.336,0.314
CFT073,Sp,3,5.5,0.472,0.546,0.551,0.354,0.336
CFT073,Sp,3,5.75,0.479,0.571,0.562,0.362,0.355
CFT073,Sp,3,6,0.485,0.575,0.578,0.368,0.36
CFT073,Sp,3,6.25,0.495,0.588,0.581,0.378,0.37
CFT073,Sp,3,6.5,0.503,0.556,0.554,0.382,0.379
CFT073,Sp,3,6.75,0.51,0.522,0.522,0.383,0.383
CFT073,Sp,3,7,0.515,0.526,0.525,0.389,0.388
CFT073,Sp,3,7.25,0.522,0.532,0.53,0.392,0.392
CFT073,Sp,3,7.5,0.527,0.538,0.537,0.397,0.398
CFT073,Sp,3,7.75,0.533,0.541,0.537,0.402,0.401
CFT073,Sp,3,8,0.536,0.539,0.535,0.407,0.408
CFT073,Fn,1,0,0.085,0.084,0.085,0.086,0.084
CFT073,Fn,1,0.25,0.088,0.087,0.089,0.088,0.087
CFT073,Fn,1,0.5,0.092,0.093,0.094,0.092,0.09
CFT073,Fn,1,0.75,0.1,0.101,0.102,0.097,0.095
CFT073,Fn,1,1,0.108,0.112,0.113,0.103,0.1
CFT073,Fn,1,1.25,0.119,0.124,0.124,0.111,0.107
CFT073,Fn,1,1.5,0.135,0.146,0.142,0.118,0.115
CFT073,Fn,1,1.75,0.156,0.174,0.167,0.126,0.122
CFT073,Fn,1,2,0.183,0.204,0.198,0.136,0.13
CFT073,Fn,1,2.25,0.215,0.24,0.232,0.146,0.139
CFT073,Fn,1,2.5,0.248,0.272,0.262,0.156,0.148
CFT073,Fn,1,2.75,0.278,0.338,0.327,0.17,0.16
CFT073,Fn,1,3,0.302,0.381,0.368,0.183,0.171
CFT073,Fn,1,3.25,0.329,0.401,0.391,0.198,0.183
CFT073,Fn,1,3.5,0.354,0.4,0.372,0.213,0.196
CFT073,Fn,1,3.75,0.375,0.393,0.381,0.229,0.21
CFT073,Fn,1,4,0.394,0.421,0.408,0.247,0.226
CFT073,Fn,1,4.25,0.409,0.445,0.431,0.266,0.241
CFT073,Fn,1,4.5,0.433,0.46,0.449,0.282,0.258
CFT073,Fn,1,4.75,0.459,0.482,0.472,0.3,0.274
CFT073,Fn,1,5,0.447,0.495,0.478,0.319,0.291
CFT073,Fn,1,5.25,0.479,0.553,0.52,0.337,0.308
CFT073,Fn,1,5.5,0.519,0.587,0.573,0.348,0.321
CFT073,Fn,1,5.75,0.535,0.602,0.55,0.364,0.334
CFT073,Fn,1,6,0.543,0.607,0.556,0.38,0.349
CFT073,Fn,1,6.25,0.551,0.634,0.586,0.388,0.362
CFT073,Fn,1,6.5,0.544,0.572,0.54,0.4,0.373
CFT073,Fn,1,6.75,0.536,0.564,0.545,0.408,0.38
CFT073,Fn,1,7,0.521,0.571,0.552,0.415,0.389
CFT073,Fn,1,7.25,0.523,0.578,0.558,0.42,0.397
CFT073,Fn,1,7.5,0.53,0.584,0.565,0.427,0.405
CFT073,Fn,1,7.75,0.544,0.587,0.567,0.431,0.411
CFT073,Fn,1,8,0.552,0.592,0.572,0.436,0.42
CFT073,Fn,2,0,0.086,0.083,0.083,0.083,0.083
CFT073,Fn,2,0.25,0.089,0.085,0.085,0.084,0.085
CFT073,Fn,2,0.5,0.095,0.089,0.09,0.088,0.088
CFT073,Fn,2,0.75,0.104,0.096,0.097,0.092,0.091
CFT073,Fn,2,1,0.117,0.105,0.106,0.096,0.096
CFT073,Fn,2,1.25,0.128,0.115,0.115,0.102,0.101
CFT073,Fn,2,1.5,0.148,0.131,0.13,0.108,0.108
CFT073,Fn,2,1.75,0.173,0.156,0.151,0.116,0.114
CFT073,Fn,2,2,0.203,0.186,0.178,0.124,0.122
CFT073,Fn,2,2.25,0.245,0.217,0.208,0.134,0.131
CFT073,Fn,2,2.5,0.294,0.251,0.254,0.144,0.14
CFT073,Fn,2,2.75,0.334,0.303,0.312,0.154,0.15
CFT073,Fn,2,3,0.38,0.323,0.335,0.166,0.161
CFT073,Fn,2,3.25,0.375,0.335,0.362,0.179,0.173
CFT073,Fn,2,3.5,0.355,0.351,0.337,0.194,0.187
CFT073,Fn,2,3.75,0.37,0.377,0.36,0.212,0.201
CFT073,Fn,2,4,0.392,0.402,0.385,0.231,0.217
CFT073,Fn,2,4.25,0.415,0.426,0.41,0.249,0.234
CFT073,Fn,2,4.5,0.432,0.446,0.43,0.27,0.251
CFT073,Fn,2,4.75,0.453,0.459,0.446,0.287,0.275
CFT073,Fn,2,5,0.518,0.474,0.459,0.307,0.294
CFT073,Fn,2,5.25,0.537,0.508,0.482,0.326,0.31
CFT073,Fn,2,5.5,0.536,0.526,0.518,0.336,0.319
CFT073,Fn,2,5.75,0.54,0.525,0.512,0.35,0.332
CFT073,Fn,2,6,0.534,0.538,0.529,0.36,0.342
CFT073,Fn,2,6.25,0.551,0.551,0.541,0.37,0.352
CFT073,Fn,2,6.5,0.552,0.56,0.547,0.38,0.36
CFT073,Fn,2,6.75,0.551,0.563,0.547,0.388,0.367
CFT073,Fn,2,7,0.55,0.557,0.538,0.394,0.374
CFT073,Fn,2,7.25,0.561,0.562,0.546,0.402,0.383
CFT073,Fn,2,7.5,0.565,0.568,0.552,0.408,0.391
CFT073,Fn,2,7.75,0.564,0.576,0.556,0.417,0.397
CFT073,Fn,2,8,0.553,0.579,0.559,0.424,0.406
CFT073,Fn,3,0,0.09,0.088,0.089,0.088,0.089
CFT073,Fn,3,0.25,0.091,0.09,0.092,0.089,0.089
CFT073,Fn,3,0.5,0.094,0.094,0.096,0.092,0.091
CFT073,Fn,3,0.75,0.1,0.102,0.104,0.095,0.095
CFT073,Fn,3,1,0.109,0.112,0.114,0.1,0.1
CFT073,Fn,3,1.25,0.118,0.122,0.124,0.105,0.104
CFT073,Fn,3,1.5,0.132,0.137,0.139,0.111,0.11
CFT073,Fn,3,1.75,0.152,0.158,0.16,0.118,0.117
CFT073,Fn,3,2,0.177,0.184,0.187,0.123,0.123
CFT073,Fn,3,2.25,0.208,0.216,0.219,0.131,0.13
CFT073,Fn,3,2.5,0.249,0.247,0.251,0.14,0.137
CFT073,Fn,3,2.75,0.282,0.306,0.291,0.148,0.145
CFT073,Fn,3,3,0.314,0.337,0.32,0.159,0.156
CFT073,Fn,3,3.25,0.338,0.356,0.331,0.17,0.165
CFT073,Fn,3,3.5,0.36,0.352,0.362,0.181,0.175
CFT073,Fn,3,3.75,0.378,0.372,0.391,0.194,0.187
CFT073,Fn,3,4,0.394,0.396,0.415,0.208,0.2
CFT073,Fn,3,4.25,0.412,0.413,0.434,0.222,0.212
CFT073,Fn,3,4.5,0.457,0.428,0.449,0.237,0.228
CFT073,Fn,3,4.75,0.483,0.446,0.467,0.253,0.243
CFT073,Fn,3,5,0.475,0.504,0.528,0.267,0.256
CFT073,Fn,3,5.25,0.48,0.534,0.541,0.284,0.271
CFT073,Fn,3,5.5,0.472,0.552,0.569,0.302,0.287
CFT073,Fn,3,5.75,0.479,0.562,0.579,0.32,0.304
CFT073,Fn,3,6,0.485,0.57,0.589,0.339,0.323
CFT073,Fn,3,6.25,0.495,0.577,0.602,0.357,0.34
CFT073,Fn,3,6.5,0.503,0.58,0.598,0.371,0.354
CFT073,Fn,3,6.75,0.51,0.573,0.564,0.382,0.366
CFT073,Fn,3,7,0.515,0.524,0.546,0.393,0.378
CFT073,Fn,3,7.25,0.522,0.528,0.551,0.398,0.381
CFT073,Fn,3,7.5,0.527,0.534,0.557,0.406,0.392
CFT073,Fn,3,7.75,0.533,0.532,0.557,0.413,0.4
CFT073,Fn,3,8,0.536,0.53,0.554,0.419,0.406
CFT073,Lb,1,0,0.085,0.085,0.085,0.084,0.084
CFT073,Lb,1,0.25,0.088,0.088,0.087,0.086,0.086
CFT073,Lb,1,0.5,0.092,0.092,0.091,0.089,0.089
CFT073,Lb,1,0.75,0.1,0.098,0.097,0.093,0.093
CFT073,Lb,1,1,0.108,0.107,0.106,0.099,0.099
CFT073,Lb,1,1.25,0.119,0.12,0.116,0.106,0.106
CFT073,Lb,1,1.5,0.135,0.138,0.13,0.114,0.114
CFT073,Lb,1,1.75,0.156,0.16,0.152,0.123,0.123
CFT073,Lb,1,2,0.183,0.187,0.179,0.137,0.136
CFT073,Lb,1,2.25,0.215,0.216,0.209,0.152,0.15
CFT073,Lb,1,2.5,0.248,0.246,0.239,0.169,0.166
CFT073,Lb,1,2.75,0.278,0.284,0.276,0.191,0.185
CFT073,Lb,1,3,0.302,0.324,0.321,0.215,0.207
CFT073,Lb,1,3.25,0.329,0.332,0.319,0.239,0.231
CFT073,Lb,1,3.5,0.354,0.351,0.346,0.264,0.255
CFT073,Lb,1,3.75,0.375,0.382,0.377,0.281,0.277
CFT073,Lb,1,4,0.394,0.407,0.399,0.307,0.302
CFT073,Lb,1,4.25,0.409,0.428,0.419,0.326,0.321
CFT073,Lb,1,4.5,0.433,0.447,0.437,0.341,0.334
CFT073,Lb,1,4.75,0.459,0.461,0.449,0.353,0.346
CFT073,Lb,1,5,0.447,0.474,0.461,0.362,0.354
CFT073,Lb,1,5.25,0.479,0.485,0.472,0.369,0.362
CFT073,Lb,1,5.5,0.519,0.496,0.481,0.377,0.369
CFT073,Lb,1,5.75,0.535,0.505,0.491,0.384,0.375
CFT073,Lb,1,6,0.543,0.515,0.5,0.393,0.384
CFT073,Lb,1,6.25,0.551,0.525,0.511,0.402,0.392
CFT073,Lb,1,6.5,0.544,0.533,0.518,0.409,0.398
CFT073,Lb,1,6.75,0.536,0.544,0.528,0.419,0.408
CFT073,Lb,1,7,0.521,0.551,0.536,0.427,0.414
CFT073,Lb,1,7.25,0.523,0.56,0.544,0.437,0.422
CFT073,Lb,1,7.5,0.53,0.568,0.552,0.446,0.43
CFT073,Lb,1,7.75,0.544,0.575,0.557,0.454,0.436
CFT073,Lb,1,8,0.552,0.579,0.562,0.463,0.444
CFT073,Lb,2,0,0.086,0.083,0.085,0.087,0.086
CFT073,Lb,2,0.25,0.089,0.084,0.087,0.088,0.088
CFT073,Lb,2,0.5,0.095,0.089,0.091,0.091,0.091
CFT073,Lb,2,0.75,0.104,0.095,0.098,0.095,0.094
CFT073,Lb,2,1,0.117,0.105,0.108,0.1,0.098
CFT073,Lb,2,1.25,0.128,0.115,0.118,0.106,0.103
CFT073,Lb,2,1.5,0.148,0.134,0.133,0.114,0.111
CFT073,Lb,2,1.75,0.173,0.159,0.154,0.122,0.118
CFT073,Lb,2,2,0.203,0.189,0.182,0.132,0.127
CFT073,Lb,2,2.25,0.245,0.22,0.215,0.145,0.138
CFT073,Lb,2,2.5,0.294,0.252,0.253,0.162,0.151
CFT073,Lb,2,2.75,0.334,0.282,0.288,0.18,0.166
CFT073,Lb,2,3,0.38,0.307,0.313,0.202,0.184
CFT073,Lb,2,3.25,0.375,0.326,0.334,0.227,0.204
CFT073,Lb,2,3.5,0.355,0.344,0.355,0.255,0.231
CFT073,Lb,2,3.75,0.37,0.363,0.375,0.284,0.258
CFT073,Lb,2,4,0.392,0.384,0.393,0.31,0.289
CFT073,Lb,2,4.25,0.415,0.406,0.41,0.327,0.315
CFT073,Lb,2,4.5,0.432,0.425,0.427,0.345,0.333
CFT073,Lb,2,4.75,0.453,0.441,0.451,0.365,0.352
CFT073,Lb,2,5,0.518,0.457,0.489,0.409,0.365
CFT073,Lb,2,5.25,0.537,0.473,0.495,0.381,0.378
CFT073,Lb,2,5.5,0.536,0.492,0.508,0.386,0.386
CFT073,Lb,2,5.75,0.54,0.508,0.511,0.394,0.393
CFT073,Lb,2,6,0.534,0.523,0.517,0.407,0.397
CFT073,Lb,2,6.25,0.551,0.537,0.533,0.415,0.405
CFT073,Lb,2,6.5,0.552,0.55,0.524,0.427,0.411
CFT073,Lb,2,6.75,0.551,0.563,0.528,0.438,0.418
CFT073,Lb,2,7,0.55,0.572,0.54,0.447,0.427
CFT073,Lb,2,7.25,0.561,0.583,0.546,0.453,0.435
CFT073,Lb,2,7.5,0.565,0.593,0.557,0.466,0.445
CFT073,Lb,2,7.75,0.564,0.606,0.563,0.477,0.453
CFT073,Lb,2,8,0.553,0.619,0.573,0.489,0.462
CFT073,Lb,3,0,0.09,0.088,0.091,0.089,0.09
CFT073,Lb,3,0.25,0.091,0.089,0.091,0.09,0.089
CFT073,Lb,3,0.5,0.094,0.092,0.094,0.091,0.091
CFT073,Lb,3,0.75,0.1,0.097,0.099,0.095,0.094
CFT073,Lb,3,1,0.109,0.105,0.108,0.099,0.097
CFT073,Lb,3,1.25,0.118,0.114,0.116,0.102,0.101
CFT073,Lb,3,1.5,0.132,0.125,0.128,0.109,0.106
CFT073,Lb,3,1.75,0.152,0.142,0.145,0.116,0.112
CFT073,Lb,3,2,0.177,0.164,0.168,0.123,0.118
CFT073,Lb,3,2.25,0.208,0.192,0.197,0.133,0.126
CFT073,Lb,3,2.5,0.249,0.22,0.226,0.143,0.134
CFT073,Lb,3,2.75,0.282,0.251,0.257,0.157,0.144
CFT073,Lb,3,3,0.314,0.305,0.307,0.173,0.157
CFT073,Lb,3,3.25,0.338,0.334,0.339,0.191,0.171
CFT073,Lb,3,3.5,0.36,0.363,0.374,0.214,0.189
CFT073,Lb,3,3.75,0.378,0.349,0.361,0.239,0.21
CFT073,Lb,3,4,0.394,0.366,0.384,0.265,0.232
CFT073,Lb,3,4.25,0.412,0.387,0.405,0.29,0.255
CFT073,Lb,3,4.5,0.457,0.406,0.422,0.316,0.281
CFT073,Lb,3,4.75,0.483,0.423,0.438,0.334,0.304
CFT073,Lb,3,5,0.475,0.436,0.451,0.35,0.325
CFT073,Lb,3,5.25,0.48,0.452,0.465,0.369,0.344
CFT073,Lb,3,5.5,0.472,0.474,0.492,0.385,0.358
CFT073,Lb,3,5.75,0.479,0.517,0.525,0.399,0.375
CFT073,Lb,3,6,0.485,0.527,0.544,0.413,0.39
CFT073,Lb,3,6.25,0.495,0.516,0.513,0.421,0.402
CFT073,Lb,3,6.5,0.503,0.506,0.518,0.43,0.413
CFT073,Lb,3,6.75,0.51,0.507,0.523,0.437,0.424
CFT073,Lb,3,7,0.515,0.512,0.529,0.447,0.433
CFT073,Lb,3,7.25,0.522,0.518,0.533,0.454,0.44
CFT073,Lb,3,7.5,0.527,0.523,0.541,0.461,0.447
CFT073,Lb,3,7.75,0.533,0.528,0.545,0.469,0.455
CFT073,Lb,3,8,0.536,0.534,0.553,0.479,0.464
UMN026,Sp,1,0,0.088,0.084,0.085,0.082,0.083
UMN026,Sp,1,0.25,0.091,0.085,0.084,0.083,0.084
UMN026,Sp,1,0.5,0.096,0.087,0.086,0.084,0.084
UMN026,Sp,1,0.75,0.103,0.09,0.09,0.085,0.085
UMN026,Sp,1,1,0.112,0.095,0.095,0.087,0.086
UMN026,Sp,1,1.25,0.126,0.101,0.101,0.087,0.086
UMN026,Sp,1,1.5,0.144,0.111,0.111,0.088,0.086
UMN026,Sp,1,1.75,0.166,0.121,0.12,0.089,0.086
UMN026,Sp,1,2,0.19,0.131,0.129,0.092,0.088
UMN026,Sp,1,2.25,0.211,0.144,0.143,0.094,0.088
UMN026,Sp,1,2.5,0.228,0.156,0.155,0.096,0.09
UMN026,Sp,1,2.75,0.292,0.188,0.186,0.099,0.091
UMN026,Sp,1,3,0.349,0.202,0.203,0.101,0.092
UMN026,Sp,1,3.25,0.383,0.215,0.215,0.103,0.094
UMN026,Sp,1,3.5,0.394,0.24,0.239,0.107,0.096
UMN026,Sp,1,3.75,0.435,0.266,0.267,0.11,0.098
UMN026,Sp,1,4,0.453,0.269,0.27,0.113,0.1
UMN026,Sp,1,4.25,0.471,0.29,0.293,0.116,0.102
UMN026,Sp,1,4.5,0.493,0.306,0.308,0.119,0.104
UMN026,Sp,1,4.75,0.485,0.319,0.316,0.121,0.105
UMN026,Sp,1,5,0.485,0.327,0.326,0.124,0.108
UMN026,Sp,1,5.25,0.489,0.336,0.338,0.127,0.11
UMN026,Sp,1,5.5,0.506,0.355,0.355,0.13,0.113
UMN026,Sp,1,5.75,0.506,0.362,0.363,0.135,0.115
UMN026,Sp,1,6,0.524,0.378,0.379,0.14,0.119
UMN026,Sp,1,6.25,0.529,0.389,0.393,0.145,0.122
UMN026,Sp,1,6.5,0.54,0.402,0.404,0.151,0.126
UMN026,Sp,1,6.75,0.54,0.411,0.411,0.157,0.132
UMN026,Sp,1,7,0.543,0.422,0.422,0.164,0.136
UMN026,Sp,1,7.25,0.542,0.432,0.433,0.171,0.141
UMN026,Sp,1,7.5,0.541,0.44,0.441,0.179,0.145
UMN026,Sp,1,7.75,0.535,0.452,0.45,0.189,0.151
UMN026,Sp,1,8,0.537,0.453,0.455,0.199,0.156
UMN026,Sp,2,0,0.081,0.078,0.08,0.078,0.081
UMN026,Sp,2,0.25,0.083,0.078,0.079,0.077,0.08
UMN026,Sp,2,0.5,0.087,0.08,0.08,0.078,0.081
UMN026,Sp,2,0.75,0.093,0.082,0.081,0.078,0.081
UMN026,Sp,2,1,0.101,0.085,0.084,0.078,0.081
UMN026,Sp,2,1.25,0.112,0.09,0.088,0.078,0.081
UMN026,Sp,2,1.5,0.126,0.096,0.094,0.078,0.082
UMN026,Sp,2,1.75,0.144,0.104,0.102,0.078,0.081
UMN026,Sp,2,2,0.165,0.112,0.11,0.079,0.081
UMN026,Sp,2,2.25,0.18,0.123,0.12,0.08,0.081
UMN026,Sp,2,2.5,0.206,0.137,0.132,0.081,0.08
UMN026,Sp,2,2.75,0.262,0.152,0.147,0.08,0.081
UMN026,Sp,2,3,0.331,0.167,0.162,0.082,0.081
UMN026,Sp,2,3.25,0.382,0.194,0.187,0.084,0.081
UMN026,Sp,2,3.5,0.395,0.219,0.207,0.085,0.082
UMN026,Sp,2,3.75,0.408,0.238,0.231,0.087,0.082
UMN026,Sp,2,4,0.431,0.263,0.256,0.089,0.083
UMN026,Sp,2,4.25,0.433,0.274,0.266,0.091,0.085
UMN026,Sp,2,4.5,0.449,0.291,0.282,0.093,0.086
UMN026,Sp,2,4.75,0.467,0.309,0.299,0.094,0.087
UMN026,Sp,2,5,0.475,0.324,0.315,0.096,0.089
UMN026,Sp,2,5.25,0.486,0.342,0.332,0.098,0.091
UMN026,Sp,2,5.5,0.501,0.356,0.344,0.1,0.092
UMN026,Sp,2,5.75,0.51,0.37,0.359,0.102,0.094
UMN026,Sp,2,6,0.518,0.385,0.373,0.104,0.095
UMN026,Sp,2,6.25,0.53,0.4,0.387,0.108,0.097
UMN026,Sp,2,6.5,0.535,0.415,0.404,0.111,0.099
UMN026,Sp,2,6.75,0.541,0.426,0.416,0.115,0.101
UMN026,Sp,2,7,0.541,0.436,0.428,0.119,0.104
UMN026,Sp,2,7.25,0.544,0.447,0.44,0.124,0.106
UMN026,Sp,2,7.5,0.531,0.45,0.443,0.13,0.108
UMN026,Sp,2,7.75,0.539,0.463,0.454,0.138,0.112
UMN026,Sp,2,8,0.539,0.472,0.46,0.146,0.115
UMN026,Sp,3,0,0.087,0.084,0.084,0.083,0.082
UMN026,Sp,3,0.25,0.09,0.085,0.085,0.084,0.082
UMN026,Sp,3,0.5,0.095,0.085,0.085,0.084,0.082
UMN026,Sp,3,0.75,0.102,0.087,0.087,0.085,0.083
UMN026,Sp,3,1,0.112,0.091,0.09,0.086,0.083
UMN026,Sp,3,1.25,0.124,0.096,0.095,0.086,0.084
UMN026,Sp,3,1.5,0.14,0.102,0.1,0.087,0.086
UMN026,Sp,3,1.75,0.162,0.112,0.11,0.088,0.085
UMN026,Sp,3,2,0.184,0.123,0.12,0.088,0.085
UMN026,Sp,3,2.25,0.202,0.135,0.134,0.089,0.086
UMN026,Sp,3,2.5,0.229,0.15,0.148,0.09,0.087
UMN026,Sp,3,2.75,0.281,0.164,0.163,0.091,0.086
UMN026,Sp,3,3,0.332,0.194,0.194,0.091,0.088
UMN026,Sp,3,3.25,0.363,0.209,0.208,0.093,0.088
UMN026,Sp,3,3.5,0.385,0.238,0.237,0.095,0.091
UMN026,Sp,3,3.75,0.404,0.255,0.254,0.096,0.091
UMN026,Sp,3,4,0.425,0.27,0.268,0.098,0.093
UMN026,Sp,3,4.25,0.429,0.273,0.271,0.1,0.094
UMN026,Sp,3,4.5,0.443,0.287,0.286,0.101,0.095
UMN026,Sp,3,4.75,0.457,0.303,0.301,0.103,0.097
UMN026,Sp,3,5,0.464,0.312,0.312,0.105,0.098
UMN026,Sp,3,5.25,0.486,0.338,0.335,0.107,0.099
UMN026,Sp,3,5.5,0.495,0.353,0.351,0.108,0.1
UMN026,Sp,3,5.75,0.496,0.361,0.363,0.11,0.101
UMN026,Sp,3,6,0.509,0.375,0.377,0.112,0.103
UMN026,Sp,3,6.25,0.517,0.395,0.398,0.114,0.103
UMN026,Sp,3,6.5,0.519,0.404,0.403,0.116,0.104
UMN026,Sp,3,6.75,0.521,0.419,0.419,0.12,0.107
UMN026,Sp,3,7,0.519,0.426,0.428,0.124,0.11
UMN026,Sp,3,7.25,0.523,0.439,0.446,0.129,0.111
UMN026,Sp,3,7.5,0.516,0.45,0.454,0.133,0.114
UMN026,Sp,3,7.75,0.511,0.459,0.461,0.138,0.117
UMN026,Sp,3,8,0.513,0.466,0.468,0.142,0.121
UMN026,Fn,1,0,0.088,0.085,0.086,0.083,0.085
UMN026,Fn,1,0.25,0.091,0.086,0.089,0.087,0.086
UMN026,Fn,1,0.5,0.096,0.091,0.093,0.091,0.089
UMN026,Fn,1,0.75,0.103,0.098,0.101,0.092,0.092
UMN026,Fn,1,1,0.112,0.107,0.11,0.096,0.096
UMN026,Fn,1,1.25,0.126,0.12,0.124,0.101,0.101
UMN026,Fn,1,1.5,0.144,0.138,0.141,0.107,0.107
UMN026,Fn,1,1.75,0.166,0.161,0.164,0.114,0.112
UMN026,Fn,1,2,0.19,0.187,0.191,0.12,0.117
UMN026,Fn,1,2.25,0.211,0.206,0.214,0.129,0.123
UMN026,Fn,1,2.5,0.228,0.241,0.243,0.139,0.13
UMN026,Fn,1,2.75,0.292,0.298,0.298,0.152,0.138
UMN026,Fn,1,3,0.349,0.388,0.388,0.168,0.148
UMN026,Fn,1,3.25,0.383,0.383,0.386,0.187,0.159
UMN026,Fn,1,3.5,0.394,0.385,0.384,0.211,0.173
UMN026,Fn,1,3.75,0.435,0.429,0.421,0.241,0.19
UMN026,Fn,1,4,0.453,0.444,0.441,0.276,0.21
UMN026,Fn,1,4.25,0.471,0.463,0.456,0.345,0.239
UMN026,Fn,1,4.5,0.493,0.497,0.492,0.325,0.298
UMN026,Fn,1,4.75,0.485,0.482,0.485,0.336,0.346
UMN026,Fn,1,5,0.485,0.498,0.501,0.356,0.392
UMN026,Fn,1,5.25,0.489,0.509,0.509,0.374,0.45
UMN026,Fn,1,5.5,0.506,0.524,0.53,0.387,0.497
UMN026,Fn,1,5.75,0.506,0.536,0.544,0.4,0.518
UMN026,Fn,1,6,0.524,0.547,0.553,0.416,0.512
UMN026,Fn,1,6.25,0.529,0.563,0.57,0.429,0.426
UMN026,Fn,1,6.5,0.54,0.572,0.577,0.443,0.447
UMN026,Fn,1,6.75,0.54,0.577,0.588,0.45,0.465
UMN026,Fn,1,7,0.543,0.593,0.596,0.461,0.484
UMN026,Fn,1,7.25,0.542,0.59,0.601,0.47,0.498
UMN026,Fn,1,7.5,0.541,0.589,0.616,0.482,0.529
UMN026,Fn,1,7.75,0.535,0.62,0.628,0.487,0.607
UMN026,Fn,1,8,0.537,0.612,0.622,0.497,0.649
UMN026,Fn,2,0,0.081,0.082,0.079,0.08,0.081
UMN026,Fn,2,0.25,0.083,0.084,0.081,0.081,0.082
UMN026,Fn,2,0.5,0.087,0.087,0.084,0.084,0.084
UMN026,Fn,2,0.75,0.093,0.093,0.09,0.086,0.087
UMN026,Fn,2,1,0.101,0.101,0.098,0.091,0.091
UMN026,Fn,2,1.25,0.112,0.111,0.108,0.095,0.094
UMN026,Fn,2,1.5,0.126,0.125,0.121,0.101,0.099
UMN026,Fn,2,1.75,0.144,0.143,0.138,0.106,0.103
UMN026,Fn,2,2,0.165,0.166,0.162,0.112,0.108
UMN026,Fn,2,2.25,0.18,0.189,0.186,0.118,0.113
UMN026,Fn,2,2.5,0.206,0.223,0.218,0.126,0.119
UMN026,Fn,2,2.75,0.262,0.26,0.254,0.136,0.126
UMN026,Fn,2,3,0.331,0.318,0.308,0.151,0.136
UMN026,Fn,2,3.25,0.382,0.359,0.347,0.168,0.146
UMN026,Fn,2,3.5,0.395,0.389,0.381,0.19,0.161
UMN026,Fn,2,3.75,0.408,0.409,0.391,0.235,0.176
UMN026,Fn,2,4,0.431,0.438,0.42,0.276,0.191
UMN026,Fn,2,4.25,0.433,0.451,0.436,0.333,0.23
UMN026,Fn,2,4.5,0.449,0.471,0.451,0.352,0.268
UMN026,Fn,2,4.75,0.467,0.487,0.472,0.324,0.314
UMN026,Fn,2,5,0.475,0.5,0.487,0.338,0.366
UMN026,Fn,2,5.25,0.486,0.512,0.5,0.358,0.409
UMN026,Fn,2,5.5,0.501,0.532,0.518,0.373,0.43
UMN026,Fn,2,5.75,0.51,0.544,0.527,0.383,0.432
UMN026,Fn,2,6,0.518,0.554,0.536,0.394,0.381
UMN026,Fn,2,6.25,0.53,0.564,0.548,0.412,0.406
UMN026,Fn,2,6.5,0.535,0.57,0.557,0.43,0.428
UMN026,Fn,2,6.75,0.541,0.575,0.562,0.443,0.448
UMN026,Fn,2,7,0.541,0.584,0.566,0.454,0.463
UMN026,Fn,2,7.25,0.544,0.583,0.578,0.463,0.486
UMN026,Fn,2,7.5,0.531,0.579,0.569,0.475,0.554
UMN026,Fn,2,7.75,0.539,0.585,0.579,0.486,0.578
UMN026,Fn,2,8,0.539,0.589,0.599,0.495,0.591
UMN026,Fn,3,0,0.087,0.088,0.088,0.086,0.086
UMN026,Fn,3,0.25,0.09,0.09,0.09,0.087,0.087
UMN026,Fn,3,0.5,0.095,0.093,0.093,0.09,0.089
UMN026,Fn,3,0.75,0.102,0.099,0.099,0.093,0.092
UMN026,Fn,3,1,0.112,0.108,0.109,0.098,0.096
UMN026,Fn,3,1.25,0.124,0.119,0.12,0.103,0.1
UMN026,Fn,3,1.5,0.14,0.133,0.135,0.109,0.105
UMN026,Fn,3,1.75,0.162,0.154,0.157,0.116,0.111
UMN026,Fn,3,2,0.184,0.178,0.182,0.124,0.117
UMN026,Fn,3,2.25,0.202,0.206,0.21,0.132,0.124
UMN026,Fn,3,2.5,0.229,0.245,0.247,0.143,0.131
UMN026,Fn,3,2.75,0.281,0.298,0.297,0.158,0.141
UMN026,Fn,3,3,0.332,0.338,0.338,0.172,0.15
UMN026,Fn,3,3.25,0.363,0.348,0.348,0.191,0.163
UMN026,Fn,3,3.5,0.385,0.374,0.371,0.215,0.178
UMN026,Fn,3,3.75,0.404,0.395,0.395,0.245,0.196
UMN026,Fn,3,4,0.425,0.409,0.41,0.281,0.217
UMN026,Fn,3,4.25,0.429,0.426,0.424,0.326,0.246
UMN026,Fn,3,4.5,0.443,0.439,0.439,0.328,0.271
UMN026,Fn,3,4.75,0.457,0.457,0.46,0.348,0.352
UMN026,Fn,3,5,0.464,0.474,0.472,0.365,0.374
UMN026,Fn,3,5.25,0.486,0.491,0.495,0.39,0.405
UMN026,Fn,3,5.5,0.495,0.508,0.512,0.405,0.449
UMN026,Fn,3,5.75,0.496,0.501,0.517,0.416,0.391
UMN026,Fn,3,6,0.509,0.528,0.537,0.428,0.413
UMN026,Fn,3,6.25,0.517,0.53,0.545,0.446,0.437
UMN026,Fn,3,6.5,0.519,0.554,0.554,0.461,0.459
UMN026,Fn,3,6.75,0.521,0.563,0.564,0.467,0.482
UMN026,Fn,3,7,0.519,0.562,0.565,0.473,0.491
UMN026,Fn,3,7.25,0.523,0.578,0.583,0.483,0.507
UMN026,Fn,3,7.5,0.516,0.579,0.582,0.491,0.603
UMN026,Fn,3,7.75,0.511,0.575,0.579,0.497,0.613
UMN026,Fn,3,8,0.513,0.573,0.578,0.505,0.626
UMN026,Lb,1,0,0.088,0.086,0.084,0.083,0.085
UMN026,Lb,1,0.25,0.091,0.088,0.086,0.085,0.087
UMN026,Lb,1,0.5,0.096,0.092,0.091,0.089,0.09
UMN026,Lb,1,0.75,0.103,0.099,0.098,0.094,0.095
UMN026,Lb,1,1,0.112,0.109,0.107,0.1,0.1
UMN026,Lb,1,1.25,0.126,0.121,0.119,0.108,0.106
UMN026,Lb,1,1.5,0.144,0.139,0.136,0.119,0.114
UMN026,Lb,1,1.75,0.166,0.16,0.159,0.134,0.125
UMN026,Lb,1,2,0.19,0.189,0.187,0.155,0.14
UMN026,Lb,1,2.25,0.211,0.21,0.209,0.177,0.159
UMN026,Lb,1,2.5,0.228,0.244,0.236,0.184,0.178
UMN026,Lb,1,2.75,0.292,0.299,0.295,0.229,0.186
UMN026,Lb,1,3,0.349,0.38,0.378,0.334,0.211
UMN026,Lb,1,3.25,0.383,0.377,0.37,0.34,0.291
UMN026,Lb,1,3.5,0.394,0.375,0.376,0.324,0.29
UMN026,Lb,1,3.75,0.435,0.416,0.418,0.373,0.347
UMN026,Lb,1,4,0.453,0.438,0.437,0.39,0.352
UMN026,Lb,1,4.25,0.471,0.453,0.452,0.404,0.36
UMN026,Lb,1,4.5,0.493,0.482,0.486,0.433,0.386
UMN026,Lb,1,4.75,0.485,0.483,0.483,0.434,0.386
UMN026,Lb,1,5,0.485,0.497,0.502,0.45,0.402
UMN026,Lb,1,5.25,0.489,0.509,0.514,0.46,0.415
UMN026,Lb,1,5.5,0.506,0.53,0.529,0.482,0.428
UMN026,Lb,1,5.75,0.506,0.548,0.545,0.499,0.447
UMN026,Lb,1,6,0.524,0.558,0.556,0.514,0.458
UMN026,Lb,1,6.25,0.529,0.575,0.574,0.53,0.478
UMN026,Lb,1,6.5,0.54,0.584,0.582,0.542,0.489
UMN026,Lb,1,6.75,0.54,0.592,0.581,0.555,0.505
UMN026,Lb,1,7,0.543,0.603,0.602,0.563,0.515
UMN026,Lb,1,7.25,0.542,0.605,0.616,0.575,0.523
UMN026,Lb,1,7.5,0.541,0.619,0.619,0.584,0.535
UMN026,Lb,1,7.75,0.535,0.637,0.637,0.617,0.556
UMN026,Lb,1,8,0.537,0.633,0.633,0.61,0.564
UMN026,Lb,2,0,0.081,0.08,0.081,0.079,0.081
UMN026,Lb,2,0.25,0.083,0.082,0.083,0.08,0.082
UMN026,Lb,2,0.5,0.087,0.085,0.086,0.083,0.085
UMN026,Lb,2,0.75,0.093,0.091,0.093,0.087,0.088
UMN026,Lb,2,1,0.101,0.099,0.102,0.092,0.092
UMN026,Lb,2,1.25,0.112,0.109,0.111,0.097,0.096
UMN026,Lb,2,1.5,0.126,0.123,0.124,0.106,0.102
UMN026,Lb,2,1.75,0.144,0.14,0.142,0.115,0.111
UMN026,Lb,2,2,0.165,0.165,0.168,0.129,0.12
UMN026,Lb,2,2.25,0.18,0.187,0.189,0.145,0.132
UMN026,Lb,2,2.5,0.206,0.226,0.229,0.164,0.149
UMN026,Lb,2,2.75,0.262,0.284,0.294,0.2,0.164
UMN026,Lb,2,3,0.331,0.339,0.355,0.242,0.181
UMN026,Lb,2,3.25,0.382,0.363,0.367,0.309,0.217
UMN026,Lb,2,3.5,0.395,0.381,0.392,0.328,0.302
UMN026,Lb,2,3.75,0.408,0.406,0.412,0.335,0.303
UMN026,Lb,2,4,0.431,0.434,0.442,0.366,0.333
UMN026,Lb,2,4.25,0.433,0.45,0.457,0.38,0.342
UMN026,Lb,2,4.5,0.449,0.468,0.476,0.4,0.357
UMN026,Lb,2,4.75,0.467,0.486,0.497,0.42,0.372
UMN026,Lb,2,5,0.475,0.501,0.51,0.437,0.385
UMN026,Lb,2,5.25,0.486,0.513,0.525,0.452,0.398
UMN026,Lb,2,5.5,0.501,0.525,0.538,0.464,0.412
UMN026,Lb,2,5.75,0.51,0.542,0.548,0.475,0.423
UMN026,Lb,2,6,0.518,0.553,0.563,0.49,0.44
UMN026,Lb,2,6.25,0.53,0.565,0.573,0.501,0.451
UMN026,Lb,2,6.5,0.535,0.574,0.58,0.513,0.469
UMN026,Lb,2,6.75,0.541,0.583,0.586,0.529,0.484
UMN026,Lb,2,7,0.541,0.592,0.598,0.54,0.5
UMN026,Lb,2,7.25,0.544,0.598,0.601,0.551,0.508
UMN026,Lb,2,7.5,0.531,0.604,0.608,0.573,0.524
UMN026,Lb,2,7.75,0.539,0.627,0.629,0.589,0.536
UMN026,Lb,2,8,0.539,0.625,0.629,0.594,0.549
UMN026,Lb,3,0,0.087,0.088,0.087,0.087,0.086
UMN026,Lb,3,0.25,0.09,0.09,0.089,0.087,0.087
UMN026,Lb,3,0.5,0.095,0.093,0.092,0.09,0.088
UMN026,Lb,3,0.75,0.102,0.098,0.098,0.093,0.091
UMN026,Lb,3,1,0.112,0.107,0.107,0.098,0.096
UMN026,Lb,3,1.25,0.124,0.118,0.117,0.105,0.101
UMN026,Lb,3,1.5,0.14,0.132,0.132,0.112,0.107
UMN026,Lb,3,1.75,0.162,0.152,0.151,0.122,0.115
UMN026,Lb,3,2,0.184,0.176,0.176,0.136,0.125
UMN026,Lb,3,2.25,0.202,0.203,0.201,0.159,0.14
UMN026,Lb,3,2.5,0.229,0.24,0.238,0.184,0.161
UMN026,Lb,3,2.75,0.281,0.266,0.266,0.2,0.183
UMN026,Lb,3,3,0.332,0.318,0.313,0.239,0.197
UMN026,Lb,3,3.25,0.363,0.345,0.348,0.298,0.225
UMN026,Lb,3,3.5,0.385,0.37,0.371,0.336,0.297
UMN026,Lb,3,3.75,0.404,0.39,0.392,0.347,0.315
UMN026,Lb,3,4,0.425,0.408,0.411,0.357,0.325
UMN026,Lb,3,4.25,0.429,0.426,0.428,0.377,0.336
UMN026,Lb,3,4.5,0.443,0.443,0.446,0.392,0.351
UMN026,Lb,3,4.75,0.457,0.467,0.465,0.418,0.373
UMN026,Lb,3,5,0.464,0.481,0.48,0.436,0.385
UMN026,Lb,3,5.25,0.486,0.504,0.502,0.451,0.398
UMN026,Lb,3,5.5,0.495,0.522,0.52,0.475,0.422
UMN026,Lb,3,5.75,0.496,0.524,0.531,0.468,0.421
UMN026,Lb,3,6,0.509,0.541,0.544,0.49,0.439
UMN026,Lb,3,6.25,0.517,0.544,0.556,0.498,0.452
UMN026,Lb,3,6.5,0.519,0.568,0.567,0.53,0.48
UMN026,Lb,3,6.75,0.521,0.578,0.582,0.544,0.492
UMN026,Lb,3,7,0.519,0.581,0.583,0.552,0.503
UMN026,Lb,3,7.25,0.523,0.594,0.583,0.57,0.52
UMN026,Lb,3,7.5,0.516,0.594,0.592,0.581,0.532
UMN026,Lb,3,7.75,0.511,0.592,0.594,0.582,0.54
UMN026,Lb,3,8,0.513,0.595,0.593,0.583,0.544
Nissle,Sp,1,0,0.083,0.084,0.084,0.083,0.082
Nissle,Sp,1,0.25,0.086,0.087,0.087,0.087,0.085
Nissle,Sp,1,0.5,0.092,0.092,0.092,0.091,0.088
Nissle,Sp,1,0.75,0.099,0.097,0.098,0.096,0.092
Nissle,Sp,1,1,0.11,0.109,0.109,0.103,0.099
Nissle,Sp,1,1.25,0.128,0.124,0.124,0.111,0.104
Nissle,Sp,1,1.5,0.146,0.141,0.141,0.119,0.112
Nissle,Sp,1,1.75,0.167,0.162,0.162,0.128,0.12
Nissle,Sp,1,2,0.19,0.182,0.181,0.138,0.129
Nissle,Sp,1,2.25,0.21,0.2,0.203,0.15,0.14
Nissle,Sp,1,2.5,0.229,0.225,0.227,0.162,0.15
Nissle,Sp,1,2.75,0.249,0.25,0.247,0.177,0.166
Nissle,Sp,1,3,0.269,0.277,0.273,0.194,0.18
Nissle,Sp,1,3.25,0.325,0.348,0.339,0.215,0.198
Nissle,Sp,1,3.5,0.353,0.357,0.349,0.238,0.22
Nissle,Sp,1,3.75,0.36,0.369,0.358,0.263,0.244
Nissle,Sp,1,4,0.371,0.381,0.378,0.292,0.27
Nissle,Sp,1,4.25,0.384,0.392,0.391,0.316,0.296
Nissle,Sp,1,4.5,0.399,0.395,0.39,0.332,0.317
Nissle,Sp,1,4.75,0.411,0.409,0.406,0.36,0.335
Nissle,Sp,1,5,0.421,0.421,0.416,0.388,0.361
Nissle,Sp,1,5.25,0.425,0.42,0.415,0.41,0.39
Nissle,Sp,1,5.5,0.437,0.435,0.432,0.422,0.409
Nissle,Sp,1,5.75,0.437,0.437,0.438,0.428,0.418
Nissle,Sp,1,6,0.445,0.447,0.446,0.43,0.423
Nissle,Sp,1,6.25,0.453,0.456,0.455,0.435,0.431
Nissle,Sp,1,6.5,0.458,0.46,0.461,0.428,0.424
Nissle,Sp,1,6.75,0.469,0.469,0.47,0.433,0.431
Nissle,Sp,1,7,0.474,0.471,0.475,0.43,0.425
Nissle,Sp,1,7.25,0.479,0.48,0.483,0.432,0.428
Nissle,Sp,1,7.5,0.488,0.485,0.488,0.434,0.43
Nissle,Sp,1,7.75,0.49,0.49,0.492,0.435,0.428
Nissle,Sp,1,8,0.497,0.495,0.495,0.433,0.428
Nissle,Sp,2,0,0.084,0.082,0.081,0.081,0.078
Nissle,Sp,2,0.25,0.089,0.084,0.084,0.082,0.08
Nissle,Sp,2,0.5,0.097,0.087,0.088,0.086,0.083
Nissle,Sp,2,0.75,0.097,0.093,0.093,0.09,0.087
Nissle,Sp,2,1,0.104,0.099,0.099,0.094,0.091
Nissle,Sp,2,1.25,0.119,0.112,0.112,0.1,0.095
Nissle,Sp,2,1.5,0.134,0.129,0.127,0.106,0.102
Nissle,Sp,2,1.75,0.152,0.143,0.141,0.112,0.109
Nissle,Sp,2,2,0.176,0.167,0.161,0.121,0.117
Nissle,Sp,2,2.25,0.196,0.187,0.182,0.129,0.126
Nissle,Sp,2,2.5,0.203,0.203,0.204,0.14,0.136
Nissle,Sp,2,2.75,0.222,0.238,0.227,0.154,0.148
Nissle,Sp,2,3,0.228,0.254,0.251,0.169,0.162
Nissle,Sp,2,3.25,0.303,0.325,0.278,0.186,0.177
Nissle,Sp,2,3.5,0.315,0.354,0.346,0.206,0.195
Nissle,Sp,2,3.75,0.319,0.372,0.365,0.226,0.216
Nissle,Sp,2,4,0.337,0.376,0.37,0.249,0.237
Nissle,Sp,2,4.25,0.352,0.381,0.378,0.275,0.262
Nissle,Sp,2,4.5,0.374,0.388,0.387,0.296,0.29
Nissle,Sp,2,4.75,0.387,0.397,0.391,0.314,0.307
Nissle,Sp,2,5,0.404,0.413,0.406,0.342,0.325
Nissle,Sp,2,5.25,0.418,0.421,0.414,0.365,0.353
Nissle,Sp,2,5.5,0.434,0.429,0.42,0.381,0.374
Nissle,Sp,2,5.75,0.451,0.438,0.43,0.394,0.392
Nissle,Sp,2,6,0.472,0.446,0.437,0.403,0.401
Nissle,Sp,2,6.25,0.485,0.455,0.454,0.408,0.41
Nissle,Sp,2,6.5,0.496,0.462,0.461,0.412,0.413
Nissle,Sp,2,6.75,0.501,0.468,0.468,0.412,0.412
Nissle,Sp,2,7,0.51,0.476,0.474,0.413,0.417
Nissle,Sp,2,7.25,0.525,0.487,0.483,0.416,0.42
Nissle,Sp,2,7.5,0.539,0.491,0.484,0.418,0.422
Nissle,Sp,2,7.75,0.553,0.495,0.488,0.42,0.424
Nissle,Sp,2,8,0.56,0.496,0.49,0.42,0.425
Nissle,Sp,3,0,0.088,0.087,0.086,0.086,0.082
Nissle,Sp,3,0.25,0.089,0.088,0.088,0.087,0.085
Nissle,Sp,3,0.5,0.092,0.092,0.092,0.09,0.087
Nissle,Sp,3,0.75,0.098,0.099,0.098,0.095,0.091
Nissle,Sp,3,1,0.105,0.108,0.107,0.1,0.097
Nissle,Sp,3,1.25,0.116,0.123,0.121,0.106,0.102
Nissle,Sp,3,1.5,0.13,0.138,0.137,0.114,0.109
Nissle,Sp,3,1.75,0.146,0.155,0.152,0.123,0.117
Nissle,Sp,3,2,0.166,0.177,0.173,0.133,0.126
Nissle,Sp,3,2.25,0.188,0.202,0.2,0.144,0.136
Nissle,Sp,3,2.5,0.207,0.218,0.211,0.156,0.147
Nissle,Sp,3,2.75,0.233,0.25,0.24,0.168,0.158
Nissle,Sp,3,3,0.245,0.273,0.269,0.184,0.173
Nissle,Sp,3,3.25,0.306,0.311,0.303,0.201,0.191
Nissle,Sp,3,3.5,0.336,0.352,0.347,0.222,0.213
Nissle,Sp,3,3.75,0.352,0.368,0.371,0.247,0.233
Nissle,Sp,3,4,0.364,0.377,0.377,0.276,0.259
Nissle,Sp,3,4.25,0.378,0.39,0.392,0.312,0.288
Nissle,Sp,3,4.5,0.392,0.405,0.409,0.335,0.318
Nissle,Sp,3,4.75,0.397,0.408,0.413,0.36,0.335
Nissle,Sp,3,5,0.418,0.425,0.431,0.383,0.363
Nissle,Sp,3,5.25,0.427,0.432,0.439,0.397,0.386
Nissle,Sp,3,5.5,0.435,0.443,0.448,0.406,0.402
Nissle,Sp,3,5.75,0.447,0.451,0.454,0.413,0.407
Nissle,Sp,3,6,0.445,0.451,0.457,0.422,0.42
Nissle,Sp,3,6.25,0.454,0.463,0.466,0.419,0.419
Nissle,Sp,3,6.5,0.466,0.474,0.477,0.426,0.423
Nissle,Sp,3,6.75,0.474,0.477,0.482,0.427,0.429
Nissle,Sp,3,7,0.479,0.479,0.484,0.426,0.427
Nissle,Sp,3,7.25,0.487,0.49,0.494,0.427,0.425
Nissle,Sp,3,7.5,0.495,0.495,0.496,0.429,0.426
Nissle,Sp,3,7.75,0.498,0.487,0.492,0.436,0.43
Nissle,Sp,3,8,0.505,0.489,0.494,0.437,0.432
Nissle,Fn,1,0,0.083,0.082,0.095,0.084,0.083
Nissle,Fn,1,0.25,0.086,0.084,0.097,0.087,0.085
Nissle,Fn,1,0.5,0.092,0.089,0.098,0.091,0.089
Nissle,Fn,1,0.75,0.099,0.096,0.106,0.096,0.094
Nissle,Fn,1,1,0.11,0.107,0.126,0.103,0.101
Nissle,Fn,1,1.25,0.128,0.123,0.139,0.112,0.109
Nissle,Fn,1,1.5,0.146,0.141,0.154,0.123,0.12
Nissle,Fn,1,1.75,0.167,0.161,0.174,0.136,0.131
Nissle,Fn,1,2,0.19,0.183,0.196,0.149,0.143
Nissle,Fn,1,2.25,0.21,0.209,0.219,0.163,0.155
Nissle,Fn,1,2.5,0.229,0.229,0.248,0.174,0.167
Nissle,Fn,1,2.75,0.249,0.256,0.273,0.191,0.182
Nissle,Fn,1,3,0.269,0.269,0.29,0.209,0.199
Nissle,Fn,1,3.25,0.325,0.322,0.338,0.23,0.218
Nissle,Fn,1,3.5,0.353,0.357,0.355,0.256,0.241
Nissle,Fn,1,3.75,0.36,0.373,0.373,0.279,0.267
Nissle,Fn,1,4,0.371,0.387,0.39,0.302,0.291
Nissle,Fn,1,4.25,0.384,0.4,0.402,0.325,0.314
Nissle,Fn,1,4.5,0.399,0.401,0.406,0.339,0.334
Nissle,Fn,1,4.75,0.411,0.415,0.423,0.35,0.342
Nissle,Fn,1,5,0.421,0.425,0.436,0.363,0.354
Nissle,Fn,1,5.25,0.425,0.424,0.44,0.38,0.371
Nissle,Fn,1,5.5,0.437,0.44,0.453,0.394,0.386
Nissle,Fn,1,5.75,0.437,0.446,0.46,0.404,0.399
Nissle,Fn,1,6,0.445,0.455,0.466,0.416,0.411
Nissle,Fn,1,6.25,0.453,0.465,0.475,0.425,0.419
Nissle,Fn,1,6.5,0.458,0.473,0.48,0.43,0.427
Nissle,Fn,1,6.75,0.469,0.479,0.491,0.438,0.434
Nissle,Fn,1,7,0.474,0.489,0.494,0.444,0.443
Nissle,Fn,1,7.25,0.479,0.495,0.503,0.449,0.448
Nissle,Fn,1,7.5,0.488,0.499,0.506,0.453,0.453
Nissle,Fn,1,7.75,0.49,0.504,0.51,0.456,0.457
Nissle,Fn,1,8,0.497,0.516,0.513,0.46,0.463
Nissle,Fn,2,0,0.084,0.082,0.083,0.082,0.081
Nissle,Fn,2,0.25,0.089,0.085,0.086,0.084,0.083
Nissle,Fn,2,0.5,0.097,0.089,0.09,0.088,0.086
Nissle,Fn,2,0.75,0.097,0.095,0.097,0.092,0.091
Nissle,Fn,2,1,0.104,0.104,0.106,0.099,0.097
Nissle,Fn,2,1.25,0.119,0.121,0.122,0.106,0.103
Nissle,Fn,2,1.5,0.134,0.141,0.139,0.116,0.111
Nissle,Fn,2,1.75,0.152,0.157,0.153,0.127,0.121
Nissle,Fn,2,2,0.176,0.184,0.174,0.138,0.133
Nissle,Fn,2,2.25,0.196,0.207,0.193,0.149,0.143
Nissle,Fn,2,2.5,0.203,0.226,0.216,0.161,0.154
Nissle,Fn,2,2.75,0.222,0.251,0.242,0.176,0.168
Nissle,Fn,2,3,0.228,0.268,0.264,0.194,0.182
Nissle,Fn,2,3.25,0.303,0.341,0.277,0.211,0.199
Nissle,Fn,2,3.5,0.315,0.358,0.312,0.233,0.217
Nissle,Fn,2,3.75,0.319,0.374,0.352,0.255,0.238
Nissle,Fn,2,4,0.337,0.378,0.366,0.277,0.26
Nissle,Fn,2,4.25,0.352,0.388,0.371,0.303,0.284
Nissle,Fn,2,4.5,0.374,0.401,0.38,0.326,0.304
Nissle,Fn,2,4.75,0.387,0.412,0.389,0.331,0.323
Nissle,Fn,2,5,0.404,0.428,0.401,0.346,0.329
Nissle,Fn,2,5.25,0.418,0.438,0.415,0.36,0.339
Nissle,Fn,2,5.5,0.434,0.449,0.428,0.371,0.354
Nissle,Fn,2,5.75,0.451,0.456,0.435,0.386,0.37
Nissle,Fn,2,6,0.472,0.465,0.443,0.393,0.382
Nissle,Fn,2,6.25,0.485,0.477,0.453,0.402,0.391
Nissle,Fn,2,6.5,0.496,0.485,0.46,0.408,0.4
Nissle,Fn,2,6.75,0.501,0.494,0.47,0.415,0.408
Nissle,Fn,2,7,0.51,0.499,0.477,0.423,0.415
Nissle,Fn,2,7.25,0.525,0.509,0.487,0.431,0.42
Nissle,Fn,2,7.5,0.539,0.504,0.488,0.439,0.427
Nissle,Fn,2,7.75,0.553,0.508,0.491,0.442,0.432
Nissle,Fn,2,8,0.56,0.515,0.499,0.45,0.439
Nissle,Fn,3,0,0.088,0.086,0.086,0.086,0.088
Nissle,Fn,3,0.25,0.089,0.086,0.088,0.087,0.088
Nissle,Fn,3,0.5,0.092,0.089,0.09,0.089,0.091
Nissle,Fn,3,0.75,0.098,0.095,0.095,0.093,0.094
Nissle,Fn,3,1,0.105,0.101,0.101,0.097,0.099
Nissle,Fn,3,1.25,0.116,0.111,0.11,0.101,0.103
Nissle,Fn,3,1.5,0.13,0.122,0.121,0.106,0.108
Nissle,Fn,3,1.75,0.146,0.137,0.134,0.113,0.114
Nissle,Fn,3,2,0.166,0.158,0.151,0.119,0.12
Nissle,Fn,3,2.25,0.188,0.179,0.172,0.128,0.128
Nissle,Fn,3,2.5,0.207,0.205,0.195,0.136,0.137
Nissle,Fn,3,2.75,0.233,0.233,0.22,0.145,0.146
Nissle,Fn,3,3,0.245,0.262,0.25,0.157,0.157
Nissle,Fn,3,3.25,0.306,0.296,0.278,0.171,0.17
Nissle,Fn,3,3.5,0.336,0.341,0.329,0.186,0.186
Nissle,Fn,3,3.75,0.352,0.365,0.358,0.2,0.198
Nissle,Fn,3,4,0.364,0.363,0.357,0.216,0.214
Nissle,Fn,3,4.25,0.378,0.375,0.371,0.234,0.233
Nissle,Fn,3,4.5,0.392,0.394,0.389,0.252,0.25
Nissle,Fn,3,4.75,0.397,0.394,0.389,0.271,0.268
Nissle,Fn,3,5,0.418,0.411,0.404,0.288,0.285
Nissle,Fn,3,5.25,0.427,0.422,0.417,0.306,0.303
Nissle,Fn,3,5.5,0.435,0.434,0.432,0.324,0.321
Nissle,Fn,3,5.75,0.447,0.448,0.443,0.343,0.339
Nissle,Fn,3,6,0.445,0.453,0.449,0.359,0.356
Nissle,Fn,3,6.25,0.454,0.461,0.455,0.373,0.373
Nissle,Fn,3,6.5,0.466,0.475,0.47,0.377,0.379
Nissle,Fn,3,6.75,0.474,0.484,0.48,0.386,0.386
Nissle,Fn,3,7,0.479,0.488,0.484,0.397,0.397
Nissle,Fn,3,7.25,0.487,0.495,0.489,0.404,0.404
Nissle,Fn,3,7.5,0.495,0.5,0.5,0.413,0.414
Nissle,Fn,3,7.75,0.498,0.496,0.499,0.419,0.421
Nissle,Fn,3,8,0.505,0.498,0.5,0.426,0.428
Nissle,Lb,1,0,0.083,0.082,0.081,0.083,0.083
Nissle,Lb,1,0.25,0.086,0.084,0.083,0.085,0.085
Nissle,Lb,1,0.5,0.092,0.088,0.087,0.089,0.088
Nissle,Lb,1,0.75,0.099,0.095,0.093,0.094,0.092
Nissle,Lb,1,1,0.11,0.105,0.104,0.101,0.099
Nissle,Lb,1,1.25,0.128,0.117,0.119,0.111,0.108
Nissle,Lb,1,1.5,0.146,0.132,0.135,0.12,0.117
Nissle,Lb,1,1.75,0.167,0.152,0.154,0.133,0.128
Nissle,Lb,1,2,0.19,0.173,0.176,0.147,0.139
Nissle,Lb,1,2.25,0.21,0.195,0.197,0.16,0.152
Nissle,Lb,1,2.5,0.229,0.213,0.225,0.175,0.168
Nissle,Lb,1,2.75,0.249,0.227,0.254,0.191,0.181
Nissle,Lb,1,3,0.269,0.308,0.267,0.21,0.198
Nissle,Lb,1,3.25,0.325,0.32,0.335,0.248,0.219
Nissle,Lb,1,3.5,0.353,0.342,0.351,0.269,0.259
Nissle,Lb,1,3.75,0.36,0.352,0.357,0.3,0.265
Nissle,Lb,1,4,0.371,0.363,0.372,0.329,0.31
Nissle,Lb,1,4.25,0.384,0.375,0.39,0.351,0.331
Nissle,Lb,1,4.5,0.399,0.384,0.391,0.351,0.328
Nissle,Lb,1,4.75,0.411,0.4,0.408,0.363,0.339
Nissle,Lb,1,5,0.421,0.415,0.419,0.369,0.346
Nissle,Lb,1,5.25,0.425,0.426,0.423,0.37,0.355
Nissle,Lb,1,5.5,0.437,0.44,0.44,0.386,0.365
Nissle,Lb,1,5.75,0.437,0.455,0.447,0.397,0.375
Nissle,Lb,1,6,0.445,0.466,0.459,0.409,0.385
Nissle,Lb,1,6.25,0.453,0.473,0.466,0.422,0.392
Nissle,Lb,1,6.5,0.458,0.486,0.475,0.434,0.403
Nissle,Lb,1,6.75,0.469,0.496,0.481,0.441,0.412
Nissle,Lb,1,7,0.474,0.504,0.493,0.452,0.428
Nissle,Lb,1,7.25,0.479,0.516,0.501,0.461,0.445
Nissle,Lb,1,7.5,0.488,0.525,0.506,0.472,0.463
Nissle,Lb,1,7.75,0.49,0.537,0.514,0.484,0.474
Nissle,Lb,1,8,0.497,0.543,0.528,0.502,0.488
Nissle,Lb,2,0,0.084,0.083,0.081,0.083,0.078
Nissle,Lb,2,0.25,0.089,0.086,0.084,0.085,0.081
Nissle,Lb,2,0.5,0.097,0.09,0.088,0.088,0.086
Nissle,Lb,2,0.75,0.097,0.096,0.094,0.093,0.09
Nissle,Lb,2,1,0.104,0.104,0.102,0.098,0.096
Nissle,Lb,2,1.25,0.119,0.119,0.118,0.107,0.103
Nissle,Lb,2,1.5,0.134,0.138,0.136,0.12,0.115
Nissle,Lb,2,1.75,0.152,0.156,0.154,0.133,0.127
Nissle,Lb,2,2,0.176,0.182,0.176,0.148,0.143
Nissle,Lb,2,2.25,0.196,0.207,0.202,0.162,0.156
Nissle,Lb,2,2.5,0.203,0.233,0.221,0.178,0.172
Nissle,Lb,2,2.75,0.222,0.253,0.251,0.194,0.186
Nissle,Lb,2,3,0.228,0.269,0.259,0.212,0.204
Nissle,Lb,2,3.25,0.303,0.319,0.311,0.237,0.218
Nissle,Lb,2,3.5,0.315,0.351,0.353,0.265,0.262
Nissle,Lb,2,3.75,0.319,0.369,0.363,0.286,0.266
Nissle,Lb,2,4,0.337,0.378,0.371,0.31,0.291
Nissle,Lb,2,4.25,0.352,0.39,0.384,0.328,0.317
Nissle,Lb,2,4.5,0.374,0.404,0.401,0.344,0.34
Nissle,Lb,2,4.75,0.387,0.415,0.405,0.345,0.332
Nissle,Lb,2,5,0.404,0.43,0.419,0.36,0.344
Nissle,Lb,2,5.25,0.418,0.443,0.43,0.372,0.359
Nissle,Lb,2,5.5,0.434,0.455,0.44,0.385,0.369
Nissle,Lb,2,5.75,0.451,0.464,0.45,0.391,0.38
Nissle,Lb,2,6,0.472,0.474,0.461,0.401,0.387
Nissle,Lb,2,6.25,0.485,0.485,0.476,0.415,0.394
Nissle,Lb,2,6.5,0.496,0.494,0.484,0.424,0.402
Nissle,Lb,2,6.75,0.501,0.504,0.491,0.436,0.414
Nissle,Lb,2,7,0.51,0.511,0.499,0.445,0.429
Nissle,Lb,2,7.25,0.525,0.519,0.499,0.459,0.443
Nissle,Lb,2,7.5,0.539,0.516,0.501,0.464,0.458
Nissle,Lb,2,7.75,0.553,0.523,0.511,0.481,0.47
Nissle,Lb,2,8,0.56,0.528,0.529,0.49,0.482
Nissle,Lb,3,0,0.088,0.087,0.086,0.087,0.09
Nissle,Lb,3,0.25,0.089,0.087,0.088,0.088,0.092
Nissle,Lb,3,0.5,0.092,0.09,0.094,0.09,0.095
Nissle,Lb,3,0.75,0.098,0.096,0.099,0.095,0.1
Nissle,Lb,3,1,0.105,0.101,0.102,0.099,0.105
Nissle,Lb,3,1.25,0.116,0.112,0.113,0.105,0.11
Nissle,Lb,3,1.5,0.13,0.125,0.132,0.112,0.117
Nissle,Lb,3,1.75,0.146,0.139,0.143,0.121,0.126
Nissle,Lb,3,2,0.166,0.158,0.159,0.13,0.136
Nissle,Lb,3,2.25,0.188,0.181,0.189,0.143,0.147
Nissle,Lb,3,2.5,0.207,0.202,0.203,0.157,0.16
Nissle,Lb,3,2.75,0.233,0.233,0.241,0.172,0.175
Nissle,Lb,3,3,0.245,0.267,0.276,0.192,0.192
Nissle,Lb,3,3.25,0.306,0.288,0.293,0.206,0.209
Nissle,Lb,3,3.5,0.336,0.347,0.35,0.239,0.235
Nissle,Lb,3,3.75,0.352,0.372,0.377,0.264,0.267
Nissle,Lb,3,4,0.364,0.374,0.377,0.301,0.281
Nissle,Lb,3,4.25,0.378,0.388,0.389,0.328,0.331
Nissle,Lb,3,4.5,0.392,0.409,0.412,0.365,0.366
Nissle,Lb,3,4.75,0.397,0.41,0.412,0.343,0.346
Nissle,Lb,3,5,0.418,0.428,0.43,0.364,0.368
Nissle,Lb,3,5.25,0.427,0.438,0.438,0.368,0.372
Nissle,Lb,3,5.5,0.435,0.45,0.453,0.38,0.381
Nissle,Lb,3,5.75,0.447,0.46,0.462,0.391,0.389
Nissle,Lb,3,6,0.445,0.466,0.472,0.403,0.397
Nissle,Lb,3,6.25,0.454,0.474,0.482,0.413,0.411
Nissle,Lb,3,6.5,0.466,0.49,0.498,0.429,0.421
Nissle,Lb,3,6.75,0.474,0.496,0.498,0.44,0.429
Nissle,Lb,3,7,0.479,0.503,0.508,0.451,0.437
Nissle,Lb,3,7.25,0.487,0.509,0.52,0.462,0.449
Nissle,Lb,3,7.5,0.495,0.518,0.527,0.476,0.463
Nissle,Lb,3,7.75,0.498,0.517,0.523,0.488,0.478
Nissle,Lb,3,8,0.505,0.519,0.523,0.5,0.495
